Listing ID,Title,Component Brand,Component Name,Component ID,Source URL,Created At
"579ced35-5bbc-485c-8d52-7be69c54e8b1","[WTS] [USA-CA] [H] Mid-Fi and OG Goodness - Elysian Pilgrim, Softears Volume S, Final A6000, Campfire Atlas, Simgot EA1000,  Shure se425 [W] Paypal F&amp;F","Symphonium","Helios","17a83cca-a080-4f1b-9051-93d9ffba45a7","https://www.reddit.com/r/AVexchange/comments/1nwrf1v/wts_usaca_h_midfi_and_og_goodness_elysian_pilgrim/","2025-10-12T23:42:55.040475+00:00"
"40270d37-ced9-4154-beee-03996ac83405","[WTS] [US-MN] [H] Fall Cleaning! Variety Headphones and IEMs (Sony MDR-Z1R, DCA Aeon Closed X, DT770 250 Ohm, etc.) [W] Paypal G&amp;S, possible trades","Tin","HiFi T3 Plus","ee9478b2-c0fb-47fc-aaf6-23aedf73d497","https://www.reddit.com/r/AVexchange/comments/1oql2ok/wts_usmn_h_fall_cleaning_variety_headphones_and/","2025-11-07T05:16:26.531495+00:00"
"7d634aab-1d45-41de-ab1f-2a97ae19e804","[WTS][USA-CA][H]DCA Voce + Technic AZ80 +Meze 105 AER + Nikon D600 with lens and accessories [W] Paypal","Apple","AirPods Pro 2","1a9f3ff5-e240-4ece-bce9-6cfbea2d5d4a","https://www.reddit.com/r/AVexchange/comments/1o8ua2v/wtsusacahdca_voce_technic_az80_meze_105_aer_nikon/","2025-10-18T02:52:48.869968+00:00"
"83945f10-62e7-41be-82e7-f3e0bbe92329","[WTS] [USE-MS] [H] TRN BT30Pro, Eartips, Juzear Flare Cable [W] PayPal FnF or G&amp;S","Final","Audio D8000","18eeb00c-c6a2-4224-b36e-6f1ff3bd34ee","https://www.reddit.com/r/AVexchange/comments/1ouy7j3/wts_usems_h_trn_bt30pro_eartips_juzear_flare/","2025-11-12T09:16:57.602497+00:00"
"e9b5fde4-7439-4256-9fe0-361fac31f029","[WTS] [USA-CA] [H] YU9 Que [W] $450 PayPal, Venmo","FiR","M5","36add296-1f0d-4be4-9a9f-05b27909d70c","https://www.reddit.com/r/AVexchange/comments/1ol2bar/wts_usaca_h_yu9_que_w_450_paypal_venmo/","2025-11-09T03:43:09.584116+00:00"
"dddee7b0-69c1-4290-a4ec-cc4094499483","[WTS][USA-FL][H] Drop + DCA Aeon Closed X [W] PayPal","Dan Clark Audio","Aeon 2 Closed","01387cbb-a026-4f72-a78c-fed8bb7f30cf","https://www.reddit.com/r/AVexchange/comments/1o7nved/wtsusaflh_drop_dca_aeon_closed_x_w_paypal/","2025-10-16T03:03:31.7243+00:00"
"1313b530-3d45-4e69-bb6f-a9f308f584e6","[WTS] [US-OK] [H] AFUL Dawn-X 4.4mm BNIB Sealed [W] Paypal","FiR","M5","36add296-1f0d-4be4-9a9f-05b27909d70c","https://www.reddit.com/r/AVexchange/comments/1otl01a/wts_usok_h_aful_dawnx_44mm_bnib_sealed_w_paypal/","2025-11-10T21:13:42.05499+00:00"
"ac5fe787-db7c-4d4b-af45-931822e75a6e","[WTS] [US-MN] [H] Sony MDR Z7, Sony WH-1000XM5, Audio Technica W1000X, JM Audio headphones [W] PayPal","Hifiman","Edition X V2","8d837fa2-026d-4656-93e1-8dfbe773ebb4","https://www.reddit.com/r/AVexchange/comments/1o3xlrp/wts_usmn_h_sony_mdr_z7_sony_wh1000xm5_audio/","2025-10-12T23:44:22.586082+00:00"
"a8436b12-f01a-46d4-a989-cbbe1ff05ef1","[WTS][USA-CA][H] Schiit Asgard 3 w/ Unison ES9028 DAC (USB-C) [W] PayPal","FiR","M5","36add296-1f0d-4be4-9a9f-05b27909d70c","https://www.reddit.com/r/AVexchange/comments/1otw21l/wtsusacah_schiit_asgard_3_w_unison_es9028_dac/","2025-11-11T02:30:07.28444+00:00"
"e9666b35-2e55-4cd3-8dd4-49395352b780","[WTS] [USA-CA] [H] DCA Aeon Noire 2 [W] PayPal G&amp;S","Dan Clark Audio","Aeon 2 Closed","01387cbb-a026-4f72-a78c-fed8bb7f30cf","https://www.reddit.com/r/AVexchange/comments/1otums3/wts_usaca_h_dca_aeon_noire_2_w_paypal_gs/","2025-11-11T02:30:07.865016+00:00"
"19f20caf-ed5a-43f6-ba99-a69c71fb7edd","[WTS] [US-IA] [H] Sound Blaster AE-5 Plus [W] $85 Venmo","Tin","HiFi T3 Plus","ee9478b2-c0fb-47fc-aaf6-23aedf73d497","https://www.reddit.com/r/AVexchange/comments/1oufefg/wts_usia_h_sound_blaster_ae5_plus_w_85_venmo/","2025-11-11T21:13:18.67647+00:00"
"990e6fa8-a35e-4a9a-91e1-3868fa638f13","[WTS][US-MN][H]Thieaudio Origin [w] PayPal shipped to USA only","iFi","Zen CAN","76375bb2-c10b-4b64-ae30-2a8394114929","https://www.reddit.com/r/AVexchange/comments/1nzosnd/wtsusmnhthieaudio_origin_w_paypal_shipped_to_usa/","2025-10-12T23:46:33.316482+00:00"
"3d951cfe-0474-4d76-9b56-1434a406e31c","[WTS][US-TX][H]Big SALE, lot of IEMs and a headphone! [W]Paypal","DUNU","Zen Pro","d4255d02-1687-40a6-84d8-583c2650fd3c","https://www.reddit.com/r/AVexchange/comments/1oaxpz8/wtsustxhbig_sale_lot_of_iems_and_a_headphone/","2025-10-20T03:13:38.273028+00:00"
"d182dea0-8897-4f43-a7a7-c78a48f1a613","[WTS][US-FL][H] HD800S [W] PayPal","Sennheiser","HD800S","8dae1357-6036-4937-b366-5607f4bd3fcf","https://www.reddit.com/r/AVexchange/comments/1ng1td2/wtsusflh_hd800s_w_paypal/","2025-10-12T23:47:39.516489+00:00"
"d9a881ac-34b7-4ee3-87ac-a559b5b2b8c3","[WTS][USA-MD][H] DCA Aeon X closed + 4.4mm &amp; 3.5mm cables [W] $300 shipped","Final","Audio B3","ab843c0a-b6d5-453e-b312-156c6c1ed6db","https://www.reddit.com/r/AVexchange/comments/1oa635a/wtsusamdh_dca_aeon_x_closed_44mm_35mm_cables_w/","2025-10-19T03:18:29.703729+00:00"
"01f92b16-1258-4f2c-b2c1-a1453c8cbb8d","[WTS] [US-FL] [H] Bowers &amp;Wilkins Pi8 - Like New [W] PayPal - $200","Final","D8000 Pro","ef85dd6a-504a-4e7a-9039-e9062913b7d7","https://www.reddit.com/r/AVexchange/comments/1o0nm3y/wts_usfl_h_bowers_wilkins_pi8_like_new_w_paypal/","2025-10-12T23:50:20.00688+00:00"
"fa053e98-772a-41ff-b565-0a7a95adcde5","[WTS][US-NC][H] Holo Bliss + Spring lvl3, Meze Elite, HE1000v2, Arya Organic, NAD 3050 LE, Cayin HA-6A, Xenns Top Pro, 7th Accoustics Supernova [W] Paypal","HiFiMAN","Susvara","ffce27b9-22d0-49ca-93c4-187b2e7d61cd","https://www.reddit.com/r/AVexchange/comments/1oa1xf4/wtsusnch_holo_bliss_spring_lvl3_meze_elite/","2025-10-19T03:14:47.650862+00:00"
"694d17ed-3bc9-4a1e-a8d9-e896b96dea4d","[WTS] [US-CA] [H] BRAND NEW UNOPENED Ziigaat Odyssey 2 x Hangout Audio [W] Paypal","XENNS","Tea Pro","f3d410ba-1654-488f-8039-12e9458ca038","https://www.reddit.com/r/AVexchange/comments/1nz8d5l/wts_usca_h_brand_new_unopened_ziigaat_odyssey_2_x/","2025-10-12T23:53:06.950545+00:00"
"f7d5857a-1ee4-4825-b731-2f5a8348bb22","[WTS][US-NY][H] Mangird Tea 2 [W] VENMO, Cashapp, PayPal","XENNS","Tea Pro","f3d410ba-1654-488f-8039-12e9458ca038","https://www.reddit.com/r/AVexchange/comments/1ngvxz9/wtsusnyh_mangird_tea_2_w_venmo_cashapp_paypal/","2025-10-12T23:53:13.468323+00:00"
"c6d5661c-6b25-4195-8e2e-e2dce1c6f104","[WTS] [US-CA] [H] Darkvoice 336SE Tube Amp [W] Local cash/venmo","Sennheiser","HD600","4972cb2d-4330-4d80-9f7b-2b2d366a07ec","https://www.reddit.com/r/AVexchange/comments/1nhxj30/wts_usca_h_darkvoice_336se_tube_amp_w_local/","2025-10-12T23:54:05.786122+00:00"
"37e404de-cd64-49df-bb86-7fb2e047a08b","[WTS][US-OR][H] MOONDROP DISCDREAM2 ULTRA + KADENZ IEMs [W] PayPal G&amp;S","Nothing","Ear (2)","c86c7237-474e-4edc-b5e8-dc018d1ed8d1","https://www.reddit.com/r/AVexchange/comments/1nt95fk/wtsusorh_moondrop_discdream2_ultra_kadenz_iems_w/","2025-10-12T23:55:37.345007+00:00"
"66ab93dc-fb40-4c85-8209-04583937c496","Audio-Technica ATH-M40x Monitor Headphones (Black)","Audio Technica","ATH-ADX5000","e5b0afb6-111c-4dc3-a5d8-3a1ec07cc9fd","https://reverb.com/item/92417919-audio-technica-ath-m40x-monitor-headphones-black","2025-11-05T19:10:39.358658+00:00"
"fd55f8c2-e732-45f1-b909-61d7580bc2a3","Audio-Technica ATH-M50x Headphones","Audio Technica","ATH-ADX5000","e5b0afb6-111c-4dc3-a5d8-3a1ec07cc9fd","https://reverb.com/item/72823580-audio-technica-ath-m50x-headphones","2025-11-05T19:10:40.15111+00:00"
"b68da281-d118-4f5a-a2d1-1b210c6722b9","Skullbox HPZ","Elysian","X","093d160c-5f38-4981-aa4c-a4fc31b87738","https://reverb.com/item/67484759-skullbox-hpz","2025-11-05T19:16:08.881822+00:00"
"43dcbff4-9740-41d5-bbbd-23ef57c1dbaa","Lab Gruppen E 8.2 800 Watt 2 4 Channel Amplifier 3811428","ES","Lab ES-1a","4fd536b7-be09-4e84-ad8c-aeaa8fda88a8","https://reverb.com/item/86892558-lab-gruppen-e-8-2-800-watt-2-4-channel-amplifier-3811428","2025-11-05T19:16:23.840356+00:00"
"f3c4ffb4-fdce-458d-960d-7bb78d32e1b4","Lab Gruppen E 8.2 800 Watt 2 4 Channel Amplifier 38111420","ES","Lab ES-1a","4fd536b7-be09-4e84-ad8c-aeaa8fda88a8","https://reverb.com/item/86892732-lab-gruppen-e-8-2-800-watt-2-4-channel-amplifier-38111420","2025-11-05T19:16:24.141916+00:00"
"d9bbe7e0-6904-43c3-8792-c510e79ba740","Lab Gruppen E 8.2 800 Watt 2 4 Channel Amplifier 38111438","ES","Lab ES-1a","4fd536b7-be09-4e84-ad8c-aeaa8fda88a8","https://reverb.com/item/86892713-lab-gruppen-e-8-2-800-watt-2-4-channel-amplifier-38111438","2025-11-05T19:16:24.603616+00:00"
"125dfcbd-52fa-4a9a-92a3-3dbf4f06d556","[WTS] [US-TN] [H] DACs/AMPs/PREAMPs [W] PayPal (CONUS Shipping | Local)","THX","AAA 789","be592b5b-3efa-4926-aad0-6f78a053b46a","https://www.reddit.com/r/AVexchange/comments/1ngh4yb/wts_ustn_h_dacsampspreamps_w_paypal_conus/","2025-10-12T23:46:23.109691+00:00"
"72f2a483-eaff-45b8-a179-14c00b220303","[WTS][USA-MA] [H]SeeAudio Yume IV [W] Paypal G&amp;S","See Audio","Yume","54b480ee-bbdc-4bae-9d05-640784e279db","https://www.reddit.com/r/AVexchange/comments/1o1wxnb/wtsusama_hseeaudio_yume_iv_w_paypal_gs/","2025-10-12T23:44:42.175763+00:00"
"59950b8a-5814-4f8b-93e9-4e5f3acb735d","[WTS] [US-ME] [H] IEM's + Fiio KA17 DAC/Amp For Sale [W] PayPal G&amp;S, Trades (Updates + price drops!)","XENNS","UP","7691e995-cc1d-4a2e-b1f5-a52c3ba34bbb","https://www.reddit.com/r/AVexchange/comments/1ova35j/wts_usme_h_iems_fiio_ka17_dacamp_for_sale_w/","2025-11-12T17:14:41.625763+00:00"
"3f658bc7-e94b-4979-8407-a10ae81108bd","Black Lion Audio Auteur DT Single Channel Preamp/DI Box","Final","Audio A8000","ccb0839a-c515-4856-be9d-23a89add099e","https://reverb.com/item/84075360-black-lion-audio-auteur-dt-single-channel-preamp-di-box","2025-11-05T19:17:06.699066+00:00"
"429e4a57-3ae8-44e7-a9a5-87a0aa8a3c14","[WTS] [USA-NY] [H] Campfire Andromeda 2020, Cables, Diana V2 Headphones &amp; Campfire Cascade [W] Paypal G&amp;S","Abyss","Diana Phi","ad2bbca4-4e99-4ac5-92bf-b3a39770e0e9","https://www.reddit.com/r/AVexchange/comments/1nny6se/wts_usany_h_campfire_andromeda_2020_cables_diana/","2025-10-12T23:44:10.393931+00:00"
"2f01f256-65ad-444f-b9b8-5570b57ab664","[WTS][USA-MI][H] Sennheiser HD 700, Sennheiser HD 650, VModa LP2, Sony MDR-CD2000, Master and Dynamic MW75 with bad battery [W] PayPal G&amp;S","Audio Technica","ATH-LS200","10733d1a-635d-4adf-a413-fb1869d95645","https://www.reddit.com/r/AVexchange/comments/1nv39tl/wtsusamih_sennheiser_hd_700_sennheiser_hd_650/","2025-10-12T23:45:44.54598+00:00"
"b3ce2ae8-545a-4b17-9d9d-9a33ca88dfd9","[WTS][USA-MN][H] New Koss Wireless Porta Pro 2.0, Dekoni Elite Velour earpads for Beyers; Hifimans; ATH-AD; etc [W] PayPal","AKG","K612 Pro","a2db8443-d9a6-4745-8b81-cd7ad50f9dec","https://www.reddit.com/r/AVexchange/comments/1nx7mdh/wtsusamnh_new_koss_wireless_porta_pro_20_dekoni/","2025-10-12T23:44:40.68302+00:00"
"2bf77769-2872-421b-9765-9a016d25422a","[WTS] [USA-TN] [H] Audio Technica ATH-M30X Professional Studio Monitor Headphones [W] $30 plus shipping","Tin","HiFi T3 Plus","ee9478b2-c0fb-47fc-aaf6-23aedf73d497","https://www.reddit.com/r/AVexchange/comments/1opc6q6/wts_usatn_h_audio_technica_athm30x_professional/","2025-11-05T21:19:04.512378+00:00"
"0b7774e7-e732-4433-8b6a-05f8b82f1730","[WTS] [USA-TX] [H] HiFiMan Sundara, M1060, AirPods Max (USB-C), DT990 Pro [W] Paypal","Apple","AirPods Max","b6567cb6-5054-45de-bc46-ad9825ff96b9","https://www.reddit.com/r/AVexchange/comments/1nqkxb9/wts_usatx_h_hifiman_sundara_m1060_airpods_max/","2025-10-12T23:44:56.257716+00:00"
"839c4d58-64ab-4bb8-b966-eb2d81b22f5b","[WTS] [USA-WA] [H] Focal Azurys, Hifiman Edition XS, Momentum 4, AirPods Max, 99 Noir, Beyerdynamic DT 990 and 770, Truthear Zero:RED, Zero:BLUE 2 and Hexa, Kiwiears Cadenz, Topping L30/E30, Hiby R3 Saber Pro, iFi Uno, Dragonfly Red, Schiit Vali 2, etc. [W] Venmo preferred, paypal acceptable","Apple","AirPods Max","b6567cb6-5054-45de-bc46-ad9825ff96b9","https://www.reddit.com/r/AVexchange/comments/1ndysgw/wts_usawa_h_focal_azurys_hifiman_edition_xs/","2025-10-12T23:44:56.463867+00:00"
"ed959975-bce0-4890-a9df-e32affa0c780","[WTS] [US-TX] [H] A bunch of audio gear [W] Paypal G&amp;S,local","Audeze","LCD-X (2021)","c41cc9c2-6510-4d49-8502-1a939e566b4d","https://www.reddit.com/r/AVexchange/comments/1ny7i4b/wts_ustx_h_a_bunch_of_audio_gear_w_paypal_gslocal/","2025-10-12T23:45:35.116568+00:00"
"ea0d9312-0266-4f9c-83d8-b9f5694acc9d","[WTS][US-NC] [H] UM Mest Mk2, Penon Fan3 w Space Cable, Fiio BTR7 [W] PayPal","Unique Melody","MEST","c6d19dac-0f83-4c77-9df8-50671cdc6a08","https://www.reddit.com/r/AVexchange/comments/1nkvmyi/wtsusnc_h_um_mest_mk2_penon_fan3_w_space_cable/","2025-10-12T23:45:54.319655+00:00"
"ea853555-ec65-4925-bc99-7b0aaceae888","[WTS][US-OR][H] Various Amps/DACs [W] Paypal","THX","AAA 789","be592b5b-3efa-4926-aad0-6f78a053b46a","https://www.reddit.com/r/AVexchange/comments/1nlhl0c/wtsusorh_various_ampsdacs_w_paypal/","2025-10-12T23:46:22.867987+00:00"
"f3113d99-b307-44b1-b8b7-c19e6ccc9f7d","[WTS][US-OR][H] A bunch of goodies that must go [W] Cash only, pickup only","THX","AAA 789","be592b5b-3efa-4926-aad0-6f78a053b46a","https://www.reddit.com/r/AVexchange/comments/1nfiffu/wtsusorh_a_bunch_of_goodies_that_must_go_w_cash/","2025-10-12T23:46:23.302208+00:00"
"73337a83-e0a1-415f-8cf7-5c08896b15f4","[WTS][US-FL][H]Ananda-BT [W] PayPal","HiFiMAN","Ananda","c1d24ce4-99e2-473c-b403-0a64efceadf0","https://www.reddit.com/r/AVexchange/comments/1nkr3tc/wtsusflhanandabt_w_paypal/","2025-10-12T23:46:42.920973+00:00"
"cc3594a4-4582-4193-8a93-9f11c9cb58d6","[WTS][USA-TX][H] Astro A50x with Extras, Modhouse t60rp Argon with Extras, Fosi I5 Planar's, Schiit Valhalla 2 [W] Paypal G&amp;S Trade for Meze 109 Pro","HiFiMAN","Arya Stealth","1e01183e-dc0e-4a7a-8849-79e78bf1c7a6","https://www.reddit.com/r/AVexchange/comments/1no3e0r/wtsusatxh_astro_a50x_with_extras_modhouse_t60rp/","2025-10-12T23:47:07.868964+00:00"
"8053745e-9dc8-4ac8-b0e8-f82bc19d1823","[WTS] [USA-CA] [H] Quit Audio Collection Pt 2 [W] PayPal","DUNU","Vulkan","dad77276-48b0-41e0-bcb7-83fe1ae892bf","https://www.reddit.com/r/AVexchange/comments/1njn439/wts_usaca_h_quit_audio_collection_pt_2_w_paypal/","2025-10-12T23:47:25.769991+00:00"
"728bec2e-f4ef-439b-a6c8-a2c829f0c06c","[WTS][USA-CA] [H] Focal Clear OG, Modi+, Magni piety, Hart Audio Cable [W] PayPal","Schiit","Modi+","1b749578-e5b2-459c-9095-8f5b1b00e921","https://www.reddit.com/r/AVexchange/comments/1nn8dlp/wtsusaca_h_focal_clear_og_modi_magni_piety_hart/","2025-10-12T23:49:59.804129+00:00"
"5f49154c-6186-467f-831d-aca140798d77","[WTS] [US-ME] [H] Sennheiser HD 660S2, Symphonium Triton, Plunge Audio Unity [W] PayPal, Trades","Softears","RSV","0282821c-f784-4763-b9da-495787cbdd72","https://www.reddit.com/r/AVexchange/comments/1nuukti/wts_usme_h_sennheiser_hd_660s2_symphonium_triton/","2025-10-12T23:50:30.255703+00:00"
"9f9dcc6c-28a1-4de1-906e-a6065c3350c0","[WTS][US-MA][H]MEZE 109 PRO - xDuoo TA-22 Tube Headphone Amplifier - Shanling EH2 24-bit R2R DAC Bluetooth 5.2 LDAC Headphone Amplifier [W] PayPal, Venmo, Zelle","FiiO","K5 Pro ESS","a6f64b14-62a3-40e0-8ffc-e36c4ea0cc51","https://www.reddit.com/r/AVexchange/comments/1nstw0k/wtsusmahmeze_109_pro_xduoo_ta22_tube_headphone/","2025-10-12T23:51:51.853607+00:00"
"cde0d9de-349a-48b0-a3c4-e241697792ed","[WTS][USA-FL][H] NITSCH x Schiit Pietus Maximus, Drop + DCA Aeon Open X, Drop + Meze Audio Noir 99 [W] PayPal","Final","Audio B3","ab843c0a-b6d5-453e-b312-156c6c1ed6db","https://www.reddit.com/r/AVexchange/comments/1nxcmh1/wtsusaflh_nitsch_x_schiit_pietus_maximus_drop_dca/","2025-10-12T23:50:20.193514+00:00"
"53d9ef4c-b69a-4c52-bc1a-8333ef0ab455","[WTS] [USA-IL] [H]Complete Filmmaker Kit â€“ Blackmagic 6K Pro + Sigma Lenses + Tilta Rig + More! [W] $6050 for everything","Nothing","Ear (2)","c86c7237-474e-4edc-b5e8-dc018d1ed8d1","https://www.reddit.com/r/AVexchange/comments/1nr57su/wts_usail_hcomplete_filmmaker_kit_blackmagic_6k/","2025-10-12T23:55:37.501349+00:00"
"99b69997-da66-445b-bf31-5e5d8c306003","[WTS] [USA-MA] [H] Sennheiser HD 490 Pro, Kiwi Ears Quartet, Airpods Pro 2 [W] PayPal","Nothing","Ear (2)","c86c7237-474e-4edc-b5e8-dc018d1ed8d1","https://www.reddit.com/r/AVexchange/comments/1nfjwo4/wts_usama_h_sennheiser_hd_490_pro_kiwi_ears/","2025-10-12T23:55:37.662454+00:00"
"d78f346c-4e83-4c27-9c11-4770932bdb7d","[WTS] [US-ME] [H] IEM's For Sale [W] PayPal","XENNS","Tea Pro","f3d410ba-1654-488f-8039-12e9458ca038","https://www.reddit.com/r/AVexchange/comments/1o7ggrm/wts_usme_h_iems_for_sale_w_paypal/","2025-10-16T03:09:12.852079+00:00"
"47602e07-a60a-4264-b0d6-15724c81d65b","RME UCX II 40-channel advanced USB audio interface","FiR","M3","46d8f829-930b-47f5-a4d2-d45b80f5a7ea","https://reverb.com/item/85018621-rme-ucx-ii-40-channel-advanced-usb-audio-interface","2025-11-05T19:17:17.031056+00:00"
"392faf42-2381-495a-96ab-810b36246974","RME Portable Studio Recorder, USB 2.0 (FF UCX II)","FiR","M3","46d8f829-930b-47f5-a4d2-d45b80f5a7ea","https://reverb.com/item/46662670-rme-portable-studio-recorder-usb-2-0-ff-ucx-ii","2025-11-05T19:17:17.199285+00:00"
"bb3b0dd7-ccb7-4f8e-aafd-82da884dce4a","[WTS] [US-NY] [H] Bunch of IEMs and JDS Labs O2/ODAC [W] PayPal","Simgot","EA500LM","f1fea1d6-2dee-44d2-8902-97a865d35dc0","https://www.reddit.com/r/AVexchange/comments/1o9q0oq/wts_usny_h_bunch_of_iems_and_jds_labs_o2odac_w/","2025-10-19T03:18:09.077009+00:00"
"30095854-d74c-4163-856f-1541c6fb065e","[WTS] [USA-FL] [H] DCA Vivo cables 4.4mm, 3.5mm cables to 3.5mm &amp; 4.4mm[W] Paypal, DCA E3/stealth pads","Focal","Utopia","34bd2c89-b903-40cd-8246-fa913804ab97","https://www.reddit.com/r/AVexchange/comments/1o9mmwb/wts_usafl_h_dca_vivo_cables_44mm_35mm_cables_to/","2025-10-19T03:19:11.454345+00:00"
"bbc765d4-64df-4f31-bbcd-ff257e348ba3","[WTS][US-CA][H] Aria 2, Gumiho, ZS10, Cadenza [W] PayPal","Moondrop","Aria","d2d0df43-1ada-41f4-8192-ccc49bad3da1","https://www.reddit.com/r/AVexchange/comments/1obbztm/wtsuscah_aria_2_gumiho_zs10_cadenza_w_paypal/","2025-10-21T03:04:12.610084+00:00"
"19ade33e-7d37-4327-a739-d5ae194ae4e9","[WTS] [USA-Fl] [H] AirPods Pro 3 [W] PayPal","Apple","AirPods Pro","2b570426-b91d-4153-8793-f0129045587d","https://www.reddit.com/r/AVexchange/comments/1occ0jy/wts_usafl_h_airpods_pro_3_w_paypal/","2025-10-22T03:08:17.930944+00:00"
"c5e925cd-0c11-4f64-8264-212626256b78","[WTS] [US-CA] [H] "Fall" into headphone (Bower and Wilkins, Bose, Hamonicdyne plus more) and electronic (switch 1, anbernic and more) deals! [W] Paypal","FiiO","K5 Pro ESS","a6f64b14-62a3-40e0-8ffc-e36c4ea0cc51","https://www.reddit.com/r/AVexchange/comments/1ocwmpt/wts_usca_h_fall_into_headphone_bower_and_wilkins/","2025-10-22T03:15:00.10499+00:00"
"b7277602-d653-44b6-8075-2f0539cb557c","[WTS][US-IN][H] HE400SE, Pandamon 2.0, Quintet, Yu Xuan Ji[W] PayPal, Local","Kinera","Nanna 2.0","f1fc1909-48b3-4299-b9a7-98d61aefb4a7","https://www.reddit.com/r/AVexchange/comments/1ogx286/wtsusinh_he400se_pandamon_20_quintet_yu_xuan_jiw/","2025-11-09T03:47:24.402587+00:00"
"29f9bfe4-11c2-48e2-9464-15324edaf521","[WTS] [USA-GA] [H] Focal Clear OG, Focal Celestee, Dunu SA6 MK2/MKII [W] Paypal","Tin","HiFi T3 Plus","ee9478b2-c0fb-47fc-aaf6-23aedf73d497","https://www.reddit.com/r/AVexchange/comments/1oumerx/wts_usaga_h_focal_clear_og_focal_celestee_dunu/","2025-11-11T21:46:37.822119+00:00"
"71096224-f054-4d6e-9de1-5b0fbd1ca9c0","[WTS] [USA-TX] [H] Meze Audio 105 Aer [W] Paypal","FiR","M5","36add296-1f0d-4be4-9a9f-05b27909d70c","https://www.reddit.com/r/AVexchange/comments/1oryalh/wts_usatx_h_meze_audio_105_aer_w_paypal/","2025-11-09T03:42:43.427228+00:00"
"87a4595c-f174-4d4e-bd68-37db8b8d5102","[WTS] [CAN-ON] [H] Feliks Audio Echo MkII [W] Paypal","FiR","M5","36add296-1f0d-4be4-9a9f-05b27909d70c","https://www.reddit.com/r/AVexchange/comments/1orv95s/wts_canon_h_feliks_audio_echo_mkii_w_paypal/","2025-11-09T03:42:44.48288+00:00"
"c2a9c90e-9d22-4b23-a66f-9c85697f6bc1","[WTS][USA-VA][H] Soundrhyme DTE900 [W] PayPal, trade offers","Sennheiser","IE600","06928a19-d702-47a9-a327-bacaf56aba3a","https://www.reddit.com/r/AVexchange/comments/1of3d9s/wtsusavah_soundrhyme_dte900_w_paypal_trade_offers/","2025-10-25T03:11:45.686547+00:00"
"e7aed574-aacd-4988-9688-88527ae5f56c","[WTS][USA-WA][H] Timsok TS-316 IEM - Single DD endgame [W] PayPal","Softears","Twilight","e1b94716-9d97-4ebf-aff2-245152831151","https://www.reddit.com/r/AVexchange/comments/1of2dgy/wtsusawah_timsok_ts316_iem_single_dd_endgame_w/","2025-10-25T03:12:35.851017+00:00"
"0ffe2155-be4a-4b5a-b3bb-b0a69b8baf90","[WTS] [USA-CA] [H] Audio-technica ATH-R70X, Magni Heresy [W] Paypal G&amp;S","FiR","M5","36add296-1f0d-4be4-9a9f-05b27909d70c","https://www.reddit.com/r/AVexchange/comments/1oc0248/wts_usaca_h_audiotechnica_athr70x_magni_heresy_w/","2025-11-09T03:47:35.684253+00:00"
"987341c0-d3a6-43d9-85eb-ca2c5b23bca1","[WTS] [US-CA] [H] Arya Stealth v3, Wiim Ultra, 64 Audio U6, SMSL SU-8S, Grado SR-80 [W] Paypal, Local","HiFiMAN","Arya Stealth","1e01183e-dc0e-4a7a-8849-79e78bf1c7a6","https://www.reddit.com/r/AVexchange/comments/1oii47b/wts_usca_h_arya_stealth_v3_wiim_ultra_64_audio_u6/","2025-10-29T03:11:34.001757+00:00"
"f8425de8-a227-4962-90e7-945215f872ae","[WTS][US-FL][H]Ananda-BT [W] PayPal - repost","HiFiMAN","Ananda","c1d24ce4-99e2-473c-b403-0a64efceadf0","https://www.reddit.com/r/AVexchange/comments/1oin3mx/wtsusflhanandabt_w_paypal_repost/","2025-10-29T03:14:43.776828+00:00"
"05c6ec95-f0dd-48f9-bbe0-4c6cbc25a7e5","[WTS] [USA-ID] [H] Modhouse Tungsten DS V1 with Upgrades [W] Paypal","Tin","HiFi T3 Plus","ee9478b2-c0fb-47fc-aaf6-23aedf73d497","https://www.reddit.com/r/AVexchange/comments/1oivmsx/wts_usaid_h_modhouse_tungsten_ds_v1_with_upgrades/","2025-11-09T03:47:17.096316+00:00"
"45eb3ee7-4ae2-46c7-a734-207c0fc6ed36","[WTS][USA-WA][H] Shanling MG800 Single DD Endgame IEM [W] PayPal","Softears","Twilight","e1b94716-9d97-4ebf-aff2-245152831151","https://www.reddit.com/r/AVexchange/comments/1om2z4p/wtsusawah_shanling_mg800_single_dd_endgame_iem_w/","2025-11-02T03:25:29.446249+00:00"
"268938a7-5a8c-4275-ba4a-6004f8cbe793","Rupert Neve RNHP Headphone Amplifier","Rupert Neve Designs","RNHP","1bd5acab-f7b7-4aee-b988-4b7d5be03eee","https://reverb.com/item/2457463-rupert-neve-rnhp-headphone-amplifier","2025-11-05T19:21:24.182888+00:00"
"c5b2c4bd-f33b-4ea5-b417-72b7af93c255","[WTS][US-CA][H] DCA E3 and ThieAudio Monarch MKIII [w] US shipping only","Sony","Z1R","9a38f7b1-ab80-438f-9e90-8ff0ea82a3f2","https://www.reddit.com/r/AVexchange/comments/1nzqyqb/wtsuscah_dca_e3_and_thieaudio_monarch_mkiii_w_us/","2025-10-12T23:44:22.789153+00:00"
"b6c63a4f-e463-4fe8-831b-6ac41d7d360d","[WTS] [USA-NJ] [H] DCA Noire X, Ifi Diablo 2, Hart cables [W] $1500 local cash/paypal","Dan Clark Audio","Aeon 2 Closed","01387cbb-a026-4f72-a78c-fed8bb7f30cf","https://www.reddit.com/r/AVexchange/comments/1oebrgm/wts_usanj_h_dca_noire_x_ifi_diablo_2_hart_cables/","2025-10-24T02:59:41.977702+00:00"
"ccce9c33-fd08-43d5-8dac-878bfa211c82","[WTS] [USA-ID] [H] Ferrum Wandla GSE [W] Paypal","FiR","M5","36add296-1f0d-4be4-9a9f-05b27909d70c","https://www.reddit.com/r/AVexchange/comments/1oiuud7/wts_usaid_h_ferrum_wandla_gse_w_paypal/","2025-11-09T03:47:17.176421+00:00"
"e019ce83-09cd-45e8-8019-c28aa860eb43","[WTS] [US-CA] [H] Top Pro, Martilo, Daybreak and more [W] Paypal","Moondrop","Kanas Pro","de316d59-bf8d-418e-aea9-b20de1d3139d","https://www.reddit.com/r/AVexchange/comments/1o9gstn/wts_usca_h_top_pro_martilo_daybreak_and_more_w/","2025-10-18T02:52:29.830557+00:00"
"ddc1b3ec-cb2e-4743-919d-38f1d8e1f5c3","[WTS] [US-PA] [H] Shanling M8T [W] PayPal","iFi","Zen CAN","76375bb2-c10b-4b64-ae30-2a8394114929","https://www.reddit.com/r/AVexchange/comments/1nzr2h9/wts_uspa_h_shanling_m8t_w_paypal/","2025-10-12T23:46:33.037712+00:00"
"5015c805-717a-4f6e-8870-ea463440b59c","[WTS][USA-CA][H] Beyerdynamic DT770 Pro 32ohm [W] $75 shipped","FiR","M5","36add296-1f0d-4be4-9a9f-05b27909d70c","https://www.reddit.com/r/AVexchange/comments/1orzmu1/wtsusacah_beyerdynamic_dt770_pro_32ohm_w_75/","2025-11-08T21:18:12.232644+00:00"
"f9b295e4-61ff-4099-b096-9067a4615fdb","[WTS][KZ-AST][H] A Bunch of Interesting/rare IEMS [W] Paypal, Trades","Campfire","Ara","7ee56626-49b4-40fa-ac29-6011899885be","https://www.reddit.com/r/AVexchange/comments/1oakr9u/wtskzasth_a_bunch_of_interestingrare_iems_w/","2025-10-20T03:13:38.633769+00:00"
"7f1de79b-5358-49fb-9916-2c9f43b77c1d","[WTS] [USA-WA] [H] 64 Audio U12t [W] PayPal","Thieaudio","ThieAudio Monarch Mk2","3e0a5cee-0adb-477d-b9ec-b0312c1d3d66","https://www.reddit.com/r/AVexchange/comments/1oqhwe0/wts_usawa_h_64_audio_u12t_w_paypal/","2025-11-07T02:28:14.857381+00:00"
"dcbdbe61-7a51-42d0-9e72-4055e6ff5fab","[WTS] [US-OK] [H] FiiO K17 [W] Paypal","FiR","M5","36add296-1f0d-4be4-9a9f-05b27909d70c","https://www.reddit.com/r/AVexchange/comments/1oq03ju/wts_usok_h_fiio_k17_w_paypal/","2025-11-09T03:42:53.6618+00:00"
"e40ad7e2-5abc-4c4a-a7fb-b5ceccbb6ad0","[WTS] [US-NJ] [H] Beyerdynamic DT 700 PRO-X, Kiwi Ears Aether [W] PayPal","DUNU","Zen Pro","d4255d02-1687-40a6-84d8-583c2650fd3c","https://www.reddit.com/r/AVexchange/comments/1oefnk1/wts_usnj_h_beyerdynamic_dt_700_prox_kiwi_ears/","2025-10-24T02:59:36.549433+00:00"
"639ccc2c-c687-4040-aedf-574032beff70","[WTS] [USA-FL] [H] 64Audio U12T 2025 edition [W] PayPal","FiR","M5","36add296-1f0d-4be4-9a9f-05b27909d70c","https://www.reddit.com/r/AVexchange/comments/1oigr7z/wts_usafl_h_64audio_u12t_2025_edition_w_paypal/","2025-10-29T03:11:34.147051+00:00"
"0c127fa1-14cf-40db-b301-6d6f6fee3830","[WTS] [USA-CA] [H] Fostex TH-X00 Ebony, Monolith Liquid Platinum, Audeze LCD-1 [W] Local Cash","FiR","M5","36add296-1f0d-4be4-9a9f-05b27909d70c","https://www.reddit.com/r/AVexchange/comments/1oi3lqe/wts_usaca_h_fostex_thx00_ebony_monolith_liquid/","2025-11-09T03:47:19.412977+00:00"
"3823e56b-a2eb-4e97-a01f-cd62e0e13cc6","[WTS][US-OK][H] Bowers &amp; Wilkins Pi8 - Price Drop [W] Paypal","FiR","M5","36add296-1f0d-4be4-9a9f-05b27909d70c","https://www.reddit.com/r/AVexchange/comments/1ohlllt/wtsusokh_bowers_wilkins_pi8_price_drop_w_paypal/","2025-11-09T03:47:21.098963+00:00"
"09ba23a2-f395-4f22-afef-a7fae9c2ec6a","[WTS][US-CA][H] Audeze LCD-3 Fazor and Focal Clear (Original) [W] $850, $500 Paypal","ZMF","Verite Closed","b3697df0-7a51-4d59-9e3c-4a7d915cc1e7","https://www.reddit.com/r/AVexchange/comments/1oo10x9/wtsuscah_audeze_lcd3_fazor_and_focal_clear/","2025-11-05T03:13:20.313124+00:00"
"ef405be5-aab8-4889-89a3-0f42f7287034","[WTS][US-OK][H] Nitsch Pietus Maximus w/ ESS Dac [W] Paypal","FiR","M5","36add296-1f0d-4be4-9a9f-05b27909d70c","https://www.reddit.com/r/AVexchange/comments/1oiehot/wtsusokh_nitsch_pietus_maximus_w_ess_dac_w_paypal/","2025-11-09T03:47:18.75222+00:00"
"cf7e79b4-b7c6-42c6-b723-a72b6708be8e","[WTS] [USA-FL] [H] Abyss Joal [W] $1300 Paypal G&amp;S","FiR","M5","36add296-1f0d-4be4-9a9f-05b27909d70c","https://www.reddit.com/r/AVexchange/comments/1ohdo7p/wts_usafl_h_abyss_joal_w_1300_paypal_gs/","2025-11-09T03:47:22.135624+00:00"
"ee71e745-e2bd-4d64-8a50-d5a451487ddb","[WTS] [USA-CO] [H] AirPods Pro Max USB-C [W] PayPal, Local Cash","Final","D8000 Pro","ef85dd6a-504a-4e7a-9039-e9062913b7d7","https://www.reddit.com/r/AVexchange/comments/1osubgb/wts_usaco_h_airpods_pro_max_usbc_w_paypal_local/","2025-11-09T21:12:18.734816+00:00"
"c4f961f6-65a5-4e13-a6d3-f776b72343e5","[WTS][US-IN][H] HE400SE, Pandamon 2.0, Quintet, Yu Xuan Ji[W] PayPal, Local","Kinera","Nanna 2.0","f1fc1909-48b3-4299-b9a7-98d61aefb4a7","https://www.reddit.com/r/AVexchange/comments/1ocnp0h/wtsusinh_he400se_pandamon_20_quintet_yu_xuan_jiw/","2025-11-09T03:47:34.437357+00:00"
"8795411d-cf2d-4299-b5da-e672a0809b29","[WTS] [US-ME] [H] IEM's + Fiio KA17 For Sale [W] PayPal G&amp;S (Price drops!)","XENNS","UP","7691e995-cc1d-4a2e-b1f5-a52c3ba34bbb","https://www.reddit.com/r/AVexchange/comments/1olw8yx/wts_usme_h_iems_fiio_ka17_for_sale_w_paypal_gs/","2025-11-02T03:20:30.447779+00:00"
"778176be-d01e-4511-8b44-93281bfd51cc","[WTS] [US-TX] [H] A bunch of audio gear [W] Paypal F&amp;F G&amp;S,local,CanjamDallas","ZMF","Auteur","68b30fb9-eb77-4b13-9b68-926589dddfbf","https://www.reddit.com/r/AVexchange/comments/1orywjd/wts_ustx_h_a_bunch_of_audio_gear_w_paypal_ff/","2025-11-08T21:16:04.617643+00:00"
"a64bb8af-cc19-4fbb-918a-1e07fb42151b","[WTS] [USA-TN] [H] Timekettle M2 Translator Earbuds [W] $40 plus shipping","Tin","HiFi T3 Plus","ee9478b2-c0fb-47fc-aaf6-23aedf73d497","https://www.reddit.com/r/AVexchange/comments/1oo26zy/wts_usatn_h_timekettle_m2_translator_earbuds_w_40/","2025-11-09T03:42:58.821215+00:00"
"c6297ea0-1115-473f-9c9a-1da1a6613e6d","[WTS] [USA-AZ] [H] Night Oblivion Butastur [W] PayPal","Moondrop","S8","05f5dcea-4c93-487b-b781-6debc44d8ca5","https://www.reddit.com/r/AVexchange/comments/1oiosbo/wts_usaaz_h_night_oblivion_butastur_w_paypal/","2025-10-29T03:11:27.817811+00:00"
"2e618c9e-88d3-4e77-8d0a-0f7abe926c94","[WTS] [USA-CA] [H] Audio-technica ATH-R70X, Magni Heresy [W] Paypal G&amp;S","FiR","M5","36add296-1f0d-4be4-9a9f-05b27909d70c","https://www.reddit.com/r/AVexchange/comments/1or535g/wts_usaca_h_audiotechnica_athr70x_magni_heresy_w/","2025-11-09T03:42:47.294751+00:00"
"68e00ce8-131c-40d3-8ff9-49d69d554690","[WTS] [US-NY] [H] Sony XM6 [W] PayPal","FiR","M5","36add296-1f0d-4be4-9a9f-05b27909d70c","https://www.reddit.com/r/AVexchange/comments/1onl35k/wts_usny_h_sony_xm6_w_paypal/","2025-11-09T03:43:04.494722+00:00"
"f9319fa4-c8b8-42a0-a963-847061581005","[WTS] [USA-CA] [H] 7th Acoustics Supernova [W] PayPal, Venmo","FiR","M5","36add296-1f0d-4be4-9a9f-05b27909d70c","https://www.reddit.com/r/AVexchange/comments/1om429u/wts_usaca_h_7th_acoustics_supernova_w_paypal_venmo/","2025-11-09T03:43:05.234359+00:00"
"22c09be3-f8b7-49da-b322-b376b382e574","[WTS][US-NC][H] Primare SC15 Wisa Streamer [W] PayPal, Zelle","Tin","HiFi T3 Plus","ee9478b2-c0fb-47fc-aaf6-23aedf73d497","https://www.reddit.com/r/AVexchange/comments/1om1iyn/wtsusnch_primare_sc15_wisa_streamer_w_paypal_zelle/","2025-11-09T03:43:05.614157+00:00"
"2e16afac-4a7f-4f31-8a15-49712a0bc03b","[WTS] [USA-VA] [H] Audio-Technica ATH-R70x, IEM Bundle, Speaker/Headphone/Digital Cables [W] PayPal","Sony","MH755","fe832aaa-f998-43cc-b3b6-ae9eeaa55434","https://www.reddit.com/r/AVexchange/comments/1o6qq1r/wts_usava_h_audiotechnica_athr70x_iem_bundle/","2025-10-15T03:02:23.185281+00:00"
"bbf421e0-2075-4d07-ad0e-043050c96341","[WTS][US-CA][H] ZiiGaat Cincotres, KZ Castor Bass, Kinera Wyvern Abyss, IEM cables and adapters, Shanling M1 Plus  [W] Paypal","FiR","M5","36add296-1f0d-4be4-9a9f-05b27909d70c","https://www.reddit.com/r/AVexchange/comments/1okdztq/wtsuscah_ziigaat_cincotres_kz_castor_bass_kinera/","2025-11-09T03:47:14.493238+00:00"
"f9689064-b3db-493d-b012-efa8a214fb7f","[WTS] [US-FL] [H] Lucid by Tekkusai iems batch 2 [W] PayPal G&amp;S","FiR","M5","36add296-1f0d-4be4-9a9f-05b27909d70c","https://www.reddit.com/r/AVexchange/comments/1ogxm8y/wts_usfl_h_lucid_by_tekkusai_iems_batch_2_w/","2025-11-09T03:47:24.197349+00:00"
"bdbc4177-4907-4132-9010-c52b95806e8e","[WTS][US-WA][H] Shanling Regal, Plunge Audio Unity Stage [W] PayPal","FiR","M5","36add296-1f0d-4be4-9a9f-05b27909d70c","https://www.reddit.com/r/AVexchange/comments/1og66y8/wtsuswah_shanling_regal_plunge_audio_unity_stage/","2025-11-09T03:47:26.670078+00:00"
"8b676175-381f-4e43-867c-b9e97d839857","[WTS] [USA-TN] [H] Bose Wave Music System with CD Player and FM/AM Radio [W] PayPal $100 plus shipping","Tin","HiFi T3 Plus","ee9478b2-c0fb-47fc-aaf6-23aedf73d497","https://www.reddit.com/r/AVexchange/comments/1ojn6bc/wts_usatn_h_bose_wave_music_system_with_cd_player/","2025-11-09T03:47:15.854471+00:00"
"1c3b33e5-3a64-4ff9-84aa-cb6909b672f4","[WTS][USA-WA][H]Yu9 Audio Que [W] PayPal","FiR","M5","36add296-1f0d-4be4-9a9f-05b27909d70c","https://www.reddit.com/r/AVexchange/comments/1of1kpo/wtsusawahyu9_audio_que_w_paypal/","2025-11-09T03:47:28.662475+00:00"
"b4fc6876-616f-4ee9-9a44-97e2b6647288","[WTS][US-OK][H]Headphones and IEMs[W]Paypal","FiR","M5","36add296-1f0d-4be4-9a9f-05b27909d70c","https://www.reddit.com/r/AVexchange/comments/1ocpwms/wtsusokhheadphones_and_iemswpaypal/","2025-10-22T03:08:04.159374+00:00"
"f2c3cc4b-4e61-429c-a1e4-e83015826db8","[WTS] [USA-MS] [H]TRN BT30Pro TWS bluetooth Earphone Module - 0.78mm 2pin; Variety of Eartips [W] PayPal","Final","Audio D8000","18eeb00c-c6a2-4224-b36e-6f1ff3bd34ee","https://www.reddit.com/r/AVexchange/comments/1ofdhmr/wts_usams_htrn_bt30pro_tws_bluetooth_earphone/","2025-10-25T03:04:48.830596+00:00"
"8e99cab7-2f80-48f7-9a7a-c70dc707e6a0","[WTS][USA-CA][H]DCA Voce + Nikon D600 with lens and accessories [W] Paypal","Stax","SR-Lambda Pro","7dfd521f-f69d-44ae-a439-fe3ae735695f","https://www.reddit.com/r/AVexchange/comments/1oez27k/wtsusacahdca_voce_nikon_d600_with_lens_and/","2025-10-25T02:59:30.098971+00:00"
"20064676-e9ab-4b7a-a964-0e6fd9c4258a","[WTS] [US-OK] [H] Shanling M8T [W] Paypal","FiR","M5","36add296-1f0d-4be4-9a9f-05b27909d70c","https://www.reddit.com/r/AVexchange/comments/1oqn6m2/wts_usok_h_shanling_m8t_w_paypal/","2025-11-09T03:42:48.994811+00:00"
"cfc38dac-4fb9-4a85-bbcf-d30b16c235f9","[WTS][US-GA][H]Schiit Modi+, Vali3, Loki &amp; SYS, 1 Vali3 tube, 4 JAN5670W tubes, 1 5670 5*[W]PayPal $350.00 OBO","FiR","M5","36add296-1f0d-4be4-9a9f-05b27909d70c","https://www.reddit.com/r/AVexchange/comments/1og8ioj/wtsusgahschiit_modi_vali3_loki_sys_1_vali3_tube_4/","2025-10-26T03:12:16.698206+00:00"
"2b0f4097-415d-40cb-a4c6-2e58d671e03d","[WTS] [USA-NY] [H] Truthear Novas + accessories [W] Cash, Paypal, whatever","Topping","A70 Pro","d8aa499d-262e-4d00-ae1f-3a5898a02dfe","https://www.reddit.com/r/AVexchange/comments/1og11i5/wts_usany_h_truthear_novas_accessories_w_cash/","2025-10-26T03:10:41.209489+00:00"
"41641fba-0fc2-46ae-91cd-f51437c85eff","[WTS][USA-FL][H] Khadas Tea MagSafe Portable DAC/Amp [W] PayPal","Topping","A70 Pro","d8aa499d-262e-4d00-ae1f-3a5898a02dfe","https://www.reddit.com/r/AVexchange/comments/1o3btur/wtsusaflh_khadas_tea_magsafe_portable_dacamp_w/","2025-10-12T23:48:23.863934+00:00"
"a364a1f8-8e9f-4690-92b2-1246b3777262","[WTS] [USA-TX] [H] Yamaha WXA-50 Streaming Amp [W] Paypal, Cash","FiR","M5","36add296-1f0d-4be4-9a9f-05b27909d70c","https://www.reddit.com/r/AVexchange/comments/1og4z8v/wts_usatx_h_yamaha_wxa50_streaming_amp_w_paypal/","2025-11-09T03:47:26.859871+00:00"
"b2380440-3ad4-47a8-8f2f-3873bfad02d1","[WTS][USA-NH][H]MiniDSP DDRC-24 including Wi-DG Module, Umik-1 and full Dirac Live [W]PayPal G&amp;S/F&amp;F","Tin","HiFi T3 Plus","ee9478b2-c0fb-47fc-aaf6-23aedf73d497","https://www.reddit.com/r/AVexchange/comments/1obppn2/wtsusanhhminidsp_ddrc24_including_widg_module/","2025-11-09T03:47:37.235082+00:00"
"5405e3ff-36b9-4f8e-8781-8883ad81feb5","[WTS][USA-MA][H]Sony WH-1000XM6, Grado RS2i, AKG K371, Fiio FT1, Bricasti MC1 [W]PayPal or other forms of payment, trade Grado Hemp for the RS2i","Tin","HiFi T3 Plus","ee9478b2-c0fb-47fc-aaf6-23aedf73d497","https://www.reddit.com/r/AVexchange/comments/1odhvg1/wtsusamahsony_wh1000xm6_grado_rs2i_akg_k371_fiio/","2025-10-23T03:01:08.903737+00:00"
"901a0196-c1af-435e-99d3-cb4c6be8863a","[WTS][USA-VA][H] Beyerdynamic T1.2 Black Edition, ATH-AD2000, Grado RS1i, Schiit Asgard with AKM DAC [W] Paypal","Focal","Utopia (2022)","6bbbf2db-e8ef-4394-97e5-488bc9e9e511","https://www.reddit.com/r/AVexchange/comments/1oporpe/wtsusavah_beyerdynamic_t12_black_edition/","2025-11-09T03:42:53.847738+00:00"
"8f933533-22cd-49b3-87a5-135b8311c22f","[WTS][USA-MD][H] Schiit Gungnir A1 Multibit DAC w/ Unison USB [W] Paypal","FiR","M5","36add296-1f0d-4be4-9a9f-05b27909d70c","https://www.reddit.com/r/AVexchange/comments/1opltf5/wtsusamdh_schiit_gungnir_a1_multibit_dac_w_unison/","2025-11-09T03:42:54.103547+00:00"
"0e87b6ef-3efc-4266-a555-659aa5427efd","[WTS] [US-CA] [H] Topping L70 + Topping E70 (non-V) [W] Paypal or Local Cash","FiR","M5","36add296-1f0d-4be4-9a9f-05b27909d70c","https://www.reddit.com/r/AVexchange/comments/1od89cx/wts_usca_h_topping_l70_topping_e70_nonv_w_paypal/","2025-11-09T03:47:33.6245+00:00"
"2c87cf29-f4e2-491f-9d45-75e6270cfd1a","[WTS] [US-TX] [H] A bunch of audio gear [W] Paypal F&amp;F G&amp;S,local","Sennheiser","HE-1","ad1e09e7-7017-4b28-81aa-ab75556261ff","https://www.reddit.com/r/AVexchange/comments/1oh4tcd/wts_ustx_h_a_bunch_of_audio_gear_w_paypal_ff/","2025-10-28T03:05:34.118172+00:00"
"aa992f2a-9fd3-4d97-8c51-a576aa2458c0","[WTS][US-OK][H] Dita Prelude [W] Paypal","FiR","M5","36add296-1f0d-4be4-9a9f-05b27909d70c","https://www.reddit.com/r/AVexchange/comments/1oeg8vu/wtsusokh_dita_prelude_w_paypal/","2025-11-09T03:47:30.396041+00:00"
"92cc029a-f221-4253-950d-2d1b4c33339f","[WTS] [USA-NC] [H] DJI phantom 4 advanced plus falcon package [w] PayPal, Venmo, or cash","Tin","HiFi T3 Plus","ee9478b2-c0fb-47fc-aaf6-23aedf73d497","https://www.reddit.com/r/AVexchange/comments/1ok7oax/wts_usanc_h_dji_phantom_4_advanced_plus_falcon/","2025-11-09T03:47:14.69904+00:00"
"2330170e-67fd-44fd-b18f-253e7149ef95","[WTS][US-CO][H] Wiim Ultra [W] PayPal","FiR","M5","36add296-1f0d-4be4-9a9f-05b27909d70c","https://www.reddit.com/r/AVexchange/comments/1ofrczk/wtsuscoh_wiim_ultra_w_paypal/","2025-11-09T03:47:27.277598+00:00"
"c79e706e-eddd-4445-b7fb-497b7121aab3","[WTS][US-OK][H] Bowers &amp; Wilkins Pi8 - Dove White [W] Paypal","FiR","M5","36add296-1f0d-4be4-9a9f-05b27909d70c","https://www.reddit.com/r/AVexchange/comments/1oegith/wtsusokh_bowers_wilkins_pi8_dove_white_w_paypal/","2025-11-09T03:47:30.196517+00:00"
"2f9574f2-fb22-4785-9707-90dce1c8c62a","[WTS] [US-CA] [H] Schiit Magni 2 Modi 2 Uber Stack [W] PayPal","FiR","M5","36add296-1f0d-4be4-9a9f-05b27909d70c","https://www.reddit.com/r/AVexchange/comments/1oh0lay/wts_usca_h_schiit_magni_2_modi_2_uber_stack_w/","2025-10-27T03:22:14.383689+00:00"